accession,lane,source,country,year,study
ERR134513,7748_7_1,stool,Gambia,2008,Ingle
ERR134514,7748_7_2,stool,Gambia,2008,Ingle
ERR134515,7748_7_3,stool,Gambia,2008,Ingle
ERR134516,7748_7_4,stool,Gambia,2009,Ingle
ERR134517,7748_7_5,stool,Gambia,2009,Ingle
ERR134518,7748_7_6,stool,Gambia,2009,Ingle
ERR134519,7748_7_7,stool,Mali,2008,Ingle
ERR134520,7748_7_8,stool,Mali,2008,Ingle
ERR134521,7748_7_9,stool,Mali,2008,Ingle
ERR134522,7748_7_10,stool,Mali,2009,Ingle
ERR134523,7748_7_11,stool,Mali,2009,Ingle
ERR134524,7748_7_12,stool,Mali,2009,Ingle
ERR134525,7748_7_13,stool,Mali,2009,Ingle
ERR134526,7748_7_14,stool,Mali,2009,Ingle
ERR134527,7748_7_15,stool,Mali,2009,Ingle
ERR134528,7748_7_16,stool,Mali,2010,Ingle
ERR134529,7748_7_17,stool,Mozambique,2008,Ingle
ERR134530,7748_7_18,stool,Mozambique,2008,Ingle
ERR134531,7748_7_19,stool,Mozambique,2009,Ingle
ERR134532,7748_7_20,stool,Kenya,2009,Ingle
ERR134533,7748_7_21,stool,Kenya,2009,Ingle
ERR134534,7748_7_22,stool,Kenya,2009,Ingle
ERR134535,7748_7_23,stool,Kenya,2009,Ingle
ERR134536,7748_7_24,stool,Kenya,2009,Ingle
ERR134537,7748_7_25,stool,Kenya,2010,Ingle
ERR134538,7748_7_26,stool,Kenya,2010,Ingle
ERR134539,7748_7_27,stool,India,2008,Ingle
ERR134540,7748_7_28,stool,India,2008,Ingle
ERR134541,7748_7_29,stool,India,2008,Ingle
ERR134542,7748_7_30,stool,India,2008,Ingle
ERR134543,7748_7_31,stool,India,2009,Ingle
ERR134544,7748_7_32,stool,India,2009,Ingle
ERR134545,7748_7_33,stool,India,2009,Ingle
ERR134546,7748_7_34,stool,India,2009,Ingle
ERR134547,7748_7_35,stool,India,2009,Ingle
ERR134548,7748_7_36,stool,India,2010,Ingle
ERR134549,7748_7_37,stool,India,2010,Ingle
ERR134550,7748_7_38,stool,India,2010,Ingle
ERR134551,7748_7_39,stool,India,2010,Ingle
ERR134552,7748_7_40,stool,India,2010,Ingle
ERR134553,7748_7_41,stool,India,2010,Ingle
ERR134554,7748_7_42,stool,Bangladesh,2009,Ingle
ERR134555,7748_7_43,stool,Pakistan,2008,Ingle
ERR134556,7748_7_44,stool,Pakistan,2008,Ingle
ERR134558,7748_7_46,stool,Pakistan,2009,Ingle
ERR134559,7748_7_47,stool,Pakistan,2010,Ingle
ERR134560,7748_7_48,stool,Pakistan,2010,Ingle
ERR137782,7790_1_49,stool,Mali,2008,Ingle
ERR137783,7790_1_50,stool,Mali,2008,Ingle
ERR137784,7790_1_51,stool,Mali,2009,Ingle
ERR137785,7790_1_52,stool,Kenya,2008,Ingle
ERR137786,7790_1_53,stool,Kenya,2008,Ingle
ERR137787,7790_1_54,stool,Kenya,2008,Ingle
ERR137789,7790_1_56,stool,Kenya,2008,Ingle
ERR137790,7790_1_57,stool,Kenya,2008,Ingle
ERR137791,7790_1_58,stool,Kenya,2008,Ingle
ERR137792,7790_1_59,stool,Kenya,2009,Ingle
ERR137793,7790_1_60,stool,Kenya,2009,Ingle
ERR137794,7790_1_61,stool,Kenya,2009,Ingle
ERR137795,7790_1_62,stool,Kenya,2009,Ingle
ERR137796,7790_1_63,stool,Kenya,2009,Ingle
ERR137797,7790_1_64,stool,Kenya,2009,Ingle
ERR137798,7790_1_65,stool,Kenya,2009,Ingle
ERR137799,7790_1_66,stool,Kenya,2010,Ingle
ERR137800,7790_1_67,stool,Kenya,2010,Ingle
ERR137801,7790_1_68,stool,India,2009,Ingle
ERR137802,7790_1_69,stool,India,2009,Ingle
ERR137803,7790_1_70,stool,India,2009,Ingle
ERR137804,7790_1_71,stool,Pakistan,2009,Ingle
ERR137805,7790_1_72,stool,Pakistan,2009,Ingle
ERR137806,7790_1_73,stool,Pakistan,2009,Ingle
ERR137807,7790_1_74,stool,Gambia,2008,Ingle
ERR137808,7790_1_75,stool,Gambia,2009,Ingle
ERR137809,7790_1_76,stool,Gambia,2009,Ingle
ERR137810,7790_1_77,stool,Gambia,2009,Ingle
ERR137812,7790_1_79,stool,Mali,2008,Ingle
ERR137813,7790_1_80,stool,Mali,2008,Ingle
ERR137814,7790_1_81,stool,Mali,2008,Ingle
ERR137815,7790_1_82,stool,Mali,2008,Ingle
ERR137816,7790_1_83,stool,Mali,2009,Ingle
ERR137817,7790_1_84,stool,Mali,2009,Ingle
ERR137818,7790_1_85,stool,Mali,2009,Ingle
ERR137819,7790_1_86,stool,Mozambique,2008,Ingle
ERR137820,7790_1_87,stool,Mozambique,2008,Ingle
ERR137821,7790_1_88,stool,Kenya,2009,Ingle
ERR137822,7790_1_89,stool,Kenya,NA,Ingle
ERR137823,7790_1_90,stool,Kenya,2008,Ingle
ERR137824,7790_1_91,stool,Kenya,2008,Ingle
ERR137825,7790_1_92,stool,Kenya,2009,Ingle
ERR137826,7790_1_93,stool,Kenya,2009,Ingle
ERR137827,7790_1_94,stool,Kenya,2009,Ingle
ERR137828,7790_1_95,stool,India,2008,Ingle
ERR137829,7790_1_96,stool,India,2009,Ingle
ERR124653,7553_7_61,stool,India,2009,Ingle
ERR124654,7553_7_62,stool,India,2009,Ingle
ERR124655,7553_7_63,stool,India,2010,Ingle
ERR124656,7553_7_64,stool,India,2010,Ingle
ERR124657,7553_7_65,stool,Kenya,2008,Ingle
ERR124658,7553_7_66,stool,Mali,2008,Ingle
ERR124659,7553_7_67,stool,Mali,2009,Ingle
ERR124660,7553_7_68,stool,Mali,2010,Ingle
ERR124661,7553_7_69,stool,Mali,2010,Ingle
ERR124662,7553_7_70,stool,Kenya,2009,Ingle
ERR124663,7553_7_71,stool,India,2009,Ingle
ERR124664,7553_7_72,stool,India,2010,Ingle
ERR178148,8205_3_1,stool,Mali,2008,Ingle
ERR178149,8205_3_2,stool,Mali,2009,Ingle
ERR178150,8205_3_3,stool,Mali,2008,Ingle
ERR178151,8205_3_4,stool,Mali,2008,Ingle
ERR178152,8205_3_5,stool,Mali,2009,Ingle
ERR178153,8205_3_6,stool,Mali,2009,Ingle
ERR178154,8205_3_7,stool,Mozambique,2009,Ingle
ERR178155,8205_3_8,stool,Kenya,2008,Ingle
ERR178156,8205_3_9,stool,Kenya,2009,Ingle
ERR178157,8205_3_10,stool,Kenya,2009,Ingle
ERR178158,8205_3_11,stool,Kenya,2009,Ingle
ERR178159,8205_3_12,stool,Kenya,2010,Ingle
ERR178161,8205_3_14,stool,Kenya,2010,Ingle
ERR178164,8205_3_17,stool,India,2008,Ingle
ERR178165,8205_3_18,stool,India,2009,Ingle
ERR178166,8205_3_19,stool,India,2009,Ingle
ERR178167,8205_3_20,stool,India,2009,Ingle
ERR178168,8205_3_21,stool,India,2009,Ingle
ERR178169,8205_3_22,stool,India,2010,Ingle
ERR178170,8205_3_23,stool,India,2010,Ingle
ERR178171,8205_3_24,stool,India,2010,Ingle
ERR178172,8205_3_25,stool,Bangladesh,2009,Ingle
ERR178173,8205_3_26,stool,Pakistan,2008,Ingle
ERR178174,8205_3_27,stool,Pakistan,2009,Ingle
ERR178175,8205_3_28,stool,Pakistan,2009,Ingle
ERR178176,8205_3_29,stool,Gambia,2008,Ingle
ERR178177,8205_3_30,stool,Kenya,2008,Ingle
ERR178178,8205_3_31,stool,Kenya,2008,Ingle
ERR178179,8205_3_32,stool,Kenya,2008,Ingle
ERR178180,8205_3_33,stool,Kenya,2009,Ingle
ERR178181,8205_3_34,stool,Kenya,2009,Ingle
ERR178182,8205_3_35,stool,Kenya,2009,Ingle
ERR178183,8205_3_36,stool,Kenya,2009,Ingle
ERR178184,8205_3_37,stool,Kenya,2010,Ingle
ERR178185,8205_3_38,stool,Pakistan,NA,Ingle
ERR178186,8205_3_39,stool,Pakistan,2009,Ingle
ERR178187,8205_3_40,stool,Pakistan,2010,Ingle
ERR178188,8205_3_41,stool,Pakistan,2010,Ingle
ERR178189,8205_3_42,stool,Pakistan,2010,Ingle
ERR178191,8205_3_44,stool,Pakistan,2010,Ingle
ERR178192,8205_3_45,stool,Gambia,2010,Ingle
ERR178193,8205_3_46,stool,Mozambique,2008,Ingle
ERR178194,8205_3_47,stool,Kenya,2009,Ingle
ERR178195,8205_3_48,stool,India,2009,Ingle
ERR178196,8205_3_49,stool,India,2009,Ingle
ERR178197,8205_3_50,stool,India,2009,Ingle
ERR178198,8205_3_51,stool,Mozambique,2009,Ingle
ERR178199,8205_3_52,stool,Kenya,2008,Ingle
ERR178200,8205_3_53,stool,Kenya,2008,Ingle
ERR178201,8205_3_54,stool,Kenya,2009,Ingle
ERR178202,8205_3_55,stool,Kenya,2009,Ingle
ERR178203,8205_3_56,stool,Kenya,2009,Ingle
ERR178204,8205_3_57,stool,Kenya,2009,Ingle
ERR178205,8205_3_58,stool,Kenya,2009,Ingle
ERR178206,8205_3_59,stool,Kenya,2010,Ingle
ERR178207,8205_3_60,stool,India,2008,Ingle
ERR178208,8205_3_61,stool,India,2008,Ingle
ERR178209,8205_3_62,stool,Pakistan,2010,Ingle
ERR178210,8205_3_63,stool,Mozambique,2009,Ingle
ERR178211,8205_3_64,stool,Mozambique,2009,Ingle
ERR178212,8205_3_65,stool,Mozambique,2009,Ingle
ERR178213,8205_3_66,stool,India,2008,Ingle
ERR178214,8205_3_67,stool,Pakistan,2008,Ingle
ERR178215,8205_3_68,stool,Pakistan,2008,Ingle
ERR178216,8205_3_69,stool,Mali,2008,Ingle
ERR178217,8205_3_70,stool,Mozambique,2009,Ingle
ERR178218,8205_3_71,stool,Mozambique,2009,Ingle
ERR178219,8205_3_72,stool,India,2009,Ingle
ERR178221,8205_3_74,stool,India,2008,Ingle
ERR178222,8205_3_75,stool,India,2009,Ingle
ERR178223,8205_3_76,stool,India,2007,Ingle
ERR178224,8205_3_77,stool,India,2009,Ingle
ERR178225,8205_3_78,stool,Mozambique,2009,Ingle
ERR178226,8205_3_79,stool,Mozambique,2009,Ingle
ERR178227,8205_3_80,stool,Kenya,2008,Ingle
ERR178228,8205_3_81,stool,Bangladesh,2010,Ingle
ERR175725,8205_8_71,stool,Kenya,2008,Ingle
ERR175726,8205_8_72,stool,Kenya,2009,Ingle
ERR175728,8205_8_74,stool,India,2008,Ingle
ERR175729,8205_8_75,stool,India,NA,Ingle
ERR175731,8205_8_77,stool,Gambia,NA,Ingle
ERR175734,8205_8_80,stool,Pakistan,NA,Ingle
ERR175735,8205_8_81,stool,Pakistan,NA,Ingle
ERR175737,8205_8_83,stool,Mali,NA,Ingle
ERR175738,8205_8_84,stool,Mozambique,NA,Ingle
ERR175724,8205_8_70,stool,Kenya,2008,Ingle
ERR175727,8205_8_73,stool,Kenya,2008,Ingle
ERR175733,8205_8_79,stool,India,NA,Ingle
ERR175736,8205_8_82,stool,Mali,NA,Ingle
ERR175730,8205_8_76,stool,Mozambique,2010,Ingle
ERR175739,8205_8_85,stool,Mozambique,NA,Ingle
ERR049156,6649_2_1,stool,Bangladesh,1980,Mentzer
ERR049158,6649_2_3,stool,Bangladesh,1980,Mentzer
ERR049159,6649_2_4,stool,Bangladesh,1988,Mentzer
ERR049160,6649_2_5,stool,Bangladesh,1988,Mentzer
ERR049161,6649_2_6,stool,Bangladesh,1988,Mentzer
ERR049162,6649_2_7,stool,Mexico,1998,Mentzer
ERR049163,6649_2_8,stool,Mexico,1998,Mentzer
ERR049164,6649_2_9,stool,Guatemala,1998,Mentzer
ERR049165,6649_2_10,stool,Guatemala,1999,Mentzer
ERR049166,6649_2_11,stool,Guatemala,2000,Mentzer
ERR049167,6649_2_12,stool,Mexico,2000,Mentzer
ERR049168,6649_2_13,stool,Mexico,2000,Mentzer
ERR049169,6649_2_14,stool,Mexico,2000,Mentzer
ERR049170,6649_2_15,stool,Mexico,2000,Mentzer
ERR049171,6649_2_16,stool,Guatemala,2000,Mentzer
ERR049172,6649_2_17,stool,Guatemala,2000,Mentzer
ERR049173,6649_2_18,stool,Guatemala,2000,Mentzer
ERR049174,6649_2_19,stool,Guatemala,2003,Mentzer
ERR049175,6649_2_20,stool,Guatemala,2003,Mentzer
ERR049176,6649_2_21,stool,Guatemala,2003,Mentzer
ERR049177,6649_2_22,stool,Guatemala,2003,Mentzer
ERR049178,6649_2_23,stool,Guatemala,2003,Mentzer
ERR049179,6649_2_24,stool,Guatemala,2003,Mentzer
ERR052905,6732_2_1,stool,Guatemala,2003,Mentzer
ERR052906,6732_2_2,stool,Egypt,1997,Mentzer
ERR052907,6732_2_3,stool,Egypt,1997,Mentzer
ERR052908,6732_2_4,stool,Egypt,1997,Mentzer
ERR052909,6732_2_5,stool,Egypt,1997,Mentzer
ERR052910,6732_2_6,stool,Egypt,1997,Mentzer
ERR052911,6732_2_7,stool,Egypt,1999,Mentzer
ERR052912,6732_2_8,stool,Egypt,2000,Mentzer
ERR052913,6732_2_9,stool,Egypt,2000,Mentzer
ERR052914,6732_2_10,stool,Egypt,2000,Mentzer
ERR052915,6732_2_11,stool,Egypt,2000,Mentzer
ERR052916,6732_2_12,stool,Egypt,2001,Mentzer
ERR052917,6732_2_13,stool,Egypt,2001,Mentzer
ERR052918,6732_2_14,stool,Egypt,2001,Mentzer
ERR052919,6732_2_15,stool,Egypt,2001,Mentzer
ERR052920,6732_2_16,stool,Indonesia,1996,Mentzer
ERR052921,6732_2_17,stool,Indonesia,1996,Mentzer
ERR052922,6732_2_18,stool,Argentina,1989,Mentzer
ERR052923,6732_2_19,stool,Argentina,1989,Mentzer
ERR052924,6732_2_20,stool,Indonesia,1990,Mentzer
ERR052925,6732_2_21,stool,Indonesia,1990,Mentzer
ERR052926,6732_2_22,stool,Bangladesh,2001,Mentzer
ERR052927,6732_2_23,stool,Bangladesh,2005,Mentzer
ERR052928,6732_2_24,stool,Bangladesh,2005,Mentzer
ERR054665,6753_7_1,stool,Indonesia,1990,Mentzer
ERR054666,6753_7_2,stool,unknown,1985,Mentzer
ERR054667,6753_7_3,stool,Bangladesh,1980,Mentzer
ERR054668,6753_7_4,stool,Bangladesh,1980,Mentzer
ERR054669,6753_7_5,stool,Bangladesh,1980,Mentzer
ERR054670,6753_7_6,stool,Bangladesh,1980,Mentzer
ERR054671,6753_7_7,stool,Bangladesh,1988,Mentzer
ERR054672,6753_7_8,stool,Bangladesh,1988,Mentzer
ERR054673,6753_7_9,stool,Bangladesh,1986,Mentzer
ERR054674,6753_7_10,stool,Bangladesh,1987,Mentzer
ERR054675,6753_7_11,stool,Bangladesh,1988,Mentzer
ERR054676,6753_7_12,stool,Bangladesh,1988,Mentzer
ERR054677,6753_7_13,stool,Bangladesh,1988,Mentzer
ERR054678,6753_7_14,stool,Bangladesh,1985,Mentzer
ERR054679,6753_7_15,stool,unknown,1989,Mentzer
ERR054680,6753_7_16,stool,Zaire,1989,Mentzer
ERR054681,6753_7_17,stool,unknown,1989,Mentzer
ERR054682,6753_7_18,stool,unknown,1989,Mentzer
ERR054683,6753_7_19,stool,Burma,1989,Mentzer
ERR054684,6753_7_20,stool,Japan,1983,Mentzer
ERR054685,6753_7_21,stool,Japan,1983,Mentzer
ERR054686,6753_7_22,stool,Japan,1987,Mentzer
ERR054687,6753_7_23,stool,Japan,1987,Mentzer
ERR054688,6753_7_24,stool,Japan,1987,Mentzer
ERR054689,6753_8_1,stool,Japan,1987,Mentzer
ERR054690,6753_8_2,stool,Japan,1987,Mentzer
ERR054691,6753_8_3,stool,Guatemala,2002,Mentzer
ERR054692,6753_8_4,stool,Guatemala,2002,Mentzer
ERR054693,6753_8_5,stool,Guatemala,2002,Mentzer
ERR054694,6753_8_6,stool,Guatemala,2002,Mentzer
ERR054695,6753_8_7,stool,Guatemala,2002,Mentzer
ERR054696,6753_8_8,stool,Guatemala,2003,Mentzer
ERR054697,6753_8_9,stool,Guatemala,2003,Mentzer
ERR054698,6753_8_10,stool,Guatemala,2003,Mentzer
ERR054699,6753_8_11,stool,Guatemala,2003,Mentzer
ERR054700,6753_8_12,stool,Guatemala,2003,Mentzer
ERR054701,6753_8_13,stool,Guatemala,2003,Mentzer
ERR054702,6753_8_14,stool,Guatemala,2003,Mentzer
ERR054703,6753_8_15,stool,Guatemala,2003,Mentzer
ERR054704,6753_8_16,stool,Guatemala,2003,Mentzer
ERR054705,6753_8_17,stool,Guatemala,2003,Mentzer
ERR054706,6753_8_18,stool,Guatemala,2003,Mentzer
ERR054707,6753_8_19,stool,Guatemala,2004,Mentzer
ERR054708,6753_8_20,stool,Guatemala,2003,Mentzer
ERR054709,6753_8_21,stool,Egypt,1997,Mentzer
ERR054710,6753_8_22,stool,Egypt,1997,Mentzer
ERR054711,6753_8_23,stool,Egypt,1999,Mentzer
ERR054712,6753_8_24,stool,Egypt,1999,Mentzer
ERR084463,7067_5_1,stool,Egypt,1999,Mentzer
ERR084464,7067_5_2,stool,China,1996,Mentzer
ERR084466,7067_5_4,stool,Egypt,1996,Mentzer
ERR084468,7067_5_6,stool,Morocco,1997,Mentzer
ERR084469,7067_5_7,stool,Indonesia,1997,Mentzer
ERR084470,7067_5_8,stool,Argentina,1989,Mentzer
ERR084471,7067_5_9,stool,Argentina,1989,Mentzer
ERR084472,7067_5_10,stool,Argentina,1989,Mentzer
ERR084473,7067_5_11,stool,Argentina,1989,Mentzer
ERR084474,7067_5_12,stool,Argentina,1989,Mentzer
ERR084475,7067_5_13,stool,Indonesia,1997,Mentzer
ERR084476,7067_5_14,stool,Indonesia,1997,Mentzer
ERR084477,7067_5_15,stool,Indonesia,1997,Mentzer
ERR084478,7067_5_16,stool,Indonesia,1997,Mentzer
ERR084479,7067_5_17,stool,Bangladesh,2001,Mentzer
ERR084480,7067_5_18,stool,Bangladesh,2002,Mentzer
ERR084481,7067_5_19,stool,Bangladesh,2002,Mentzer
ERR084482,7067_5_20,stool,Bangladesh,2002,Mentzer
ERR084483,7067_5_21,stool,Bangladesh,2007,Mentzer
ERR084484,7067_5_22,stool,Bangladesh,2007,Mentzer
ERR084485,7067_5_23,stool,Bangladesh,2007,Mentzer
ERR084486,7067_5_24,stool,Bangladesh,2007,Mentzer
ERR084487,7067_5_25,stool,Bangladesh,2007,Mentzer
ERR084488,7067_5_26,stool,Bangladesh,2007,Mentzer
ERR084489,7067_5_27,stool,Bangladesh,2007,Mentzer
ERR084490,7067_5_28,stool,Bangladesh,2007,Mentzer
ERR084491,7067_5_29,stool,Bangladesh,2007,Mentzer
ERR089723,7114_1_1,stool,Bangladesh,2007,Mentzer
ERR089724,7114_1_2,stool,Bangladesh,2007,Mentzer
ERR089725,7114_1_3,stool,Bangladesh,2007,Mentzer
ERR089726,7114_1_4,stool,Bolivia,2007,Mentzer
ERR089727,7114_1_5,stool,Bolivia,2007,Mentzer
ERR089728,7114_1_6,stool,Thailand,2007,Mentzer
ERR089729,7114_1_7,stool,Bolivia,2007,Mentzer
ERR089730,7114_1_8,stool,Bolivia,2007,Mentzer
ERR089731,7114_1_9,stool,Bolivia,2007,Mentzer
ERR089732,7114_1_10,stool,Bolivia,2007,Mentzer
ERR089733,7114_1_11,stool,Bolivia,2007,Mentzer
ERR089734,7114_1_12,stool,Bangladesh,2010,Mentzer
ERR089738,7114_1_16,stool,India,NA,Mentzer
ERR089739,7114_1_17,stool,India,NA,Mentzer
ERR089740,7114_1_18,stool,India,NA,Mentzer
ERR089741,7114_1_19,stool,Bangladesh,2011,Mentzer
ERR089742,7114_1_20,stool,Bangladesh,2011,Mentzer
ERR089743,7114_1_21,stool,Bangladesh,2011,Mentzer
ERR089744,7114_1_22,stool,Bangladesh,2011,Mentzer
ERR089745,7114_1_23,stool,Bangladesh,2011,Mentzer
ERR089746,7114_1_24,stool,Bangladesh,2011,Mentzer
ERR089747,7114_1_25,stool,Bangladesh,2011,Mentzer
ERR089748,7114_1_26,stool,Bangladesh,2011,Mentzer
ERR119380,7521_1_1,stool,Japan,1987,Mentzer
ERR119381,7521_1_2,stool,Japan,1987,Mentzer
ERR119382,7521_1_3,stool,Japan,1987,Mentzer
ERR119383,7521_1_4,stool,Japan,1987,Mentzer
ERR119384,7521_1_5,stool,Mexico,1998,Mentzer
ERR119385,7521_1_6,stool,Mexico,1998,Mentzer
ERR119386,7521_1_7,stool,Mexico,1998,Mentzer
ERR119387,7521_1_8,stool,Mexico,1998,Mentzer
ERR119388,7521_1_9,stool,Mexico,1998,Mentzer
ERR119389,7521_1_10,stool,Mexico,1998,Mentzer
ERR119390,7521_1_11,stool,Mexico,1998,Mentzer
ERR119391,7521_1_12,stool,Mexico,1998,Mentzer
ERR119392,7521_1_13,stool,Mexico,1998,Mentzer
ERR119393,7521_1_14,stool,Mexico,1998,Mentzer
ERR119394,7521_1_15,stool,Mexico,1998,Mentzer
ERR119395,7521_1_16,stool,Guatemala,1999,Mentzer
ERR119396,7521_1_17,stool,Guatemala,1999,Mentzer
ERR119397,7521_1_18,stool,Guatemala,1999,Mentzer
ERR119398,7521_1_19,stool,Guatemala,1999,Mentzer
ERR119399,7521_1_20,stool,Guatemala,1999,Mentzer
ERR119400,7521_1_21,stool,Guatemala,1999,Mentzer
ERR119401,7521_1_22,stool,Guatemala,2000,Mentzer
ERR119402,7521_1_23,stool,Guatemala,2000,Mentzer
ERR119404,7521_1_25,stool,Mexico,2000,Mentzer
ERR119405,7521_1_26,stool,Mexico,2000,Mentzer
ERR119406,7521_1_27,stool,Mexico,2000,Mentzer
ERR119407,7521_1_28,stool,Mexico,2000,Mentzer
ERR119408,7521_1_29,stool,Mexico,2000,Mentzer
ERR119409,7521_1_30,stool,Mexico,2000,Mentzer
ERR119410,7521_1_31,stool,Mexico,2000,Mentzer
ERR119411,7521_1_32,stool,Guatemala,2000,Mentzer
ERR119412,7521_1_33,stool,Guatemala,2000,Mentzer
ERR119413,7521_1_34,stool,Guatemala,2000,Mentzer
ERR119414,7521_1_35,stool,Guatemala,2000,Mentzer
ERR119416,7521_1_37,stool,Guatemala,2000,Mentzer
ERR119417,7521_1_38,stool,Guatemala,2000,Mentzer
ERR119418,7521_1_39,stool,Guatemala,2000,Mentzer
ERR119419,7521_1_40,stool,Guatemala,2000,Mentzer
ERR119420,7521_1_41,stool,Guatemala,2001,Mentzer
ERR119421,7521_1_42,stool,Guatemala,2001,Mentzer
ERR119422,7521_1_43,stool,Guatemala,2001,Mentzer
ERR119423,7521_1_44,stool,Guatemala,2001,Mentzer
ERR119424,7521_1_45,stool,Guatemala,2001,Mentzer
ERR119425,7521_1_46,stool,Guatemala,2001,Mentzer
ERR119428,7521_2_49,stool,Guatemala,2002,Mentzer
ERR119429,7521_2_50,stool,Guatemala,2002,Mentzer
ERR119430,7521_2_51,stool,Guatemala,2002,Mentzer
ERR119431,7521_2_52,stool,Guatemala,2002,Mentzer
ERR119432,7521_2_53,stool,Guatemala,2003,Mentzer
ERR119433,7521_2_54,stool,Guatemala,2003,Mentzer
ERR119434,7521_2_55,stool,Guatemala,2003,Mentzer
ERR119435,7521_2_56,stool,Guatemala,2003,Mentzer
ERR119436,7521_2_57,stool,Guatemala,2003,Mentzer
ERR119437,7521_2_58,stool,Guatemala,2003,Mentzer
ERR119438,7521_2_59,stool,Guatemala,2003,Mentzer
ERR119439,7521_2_60,stool,Guatemala,2003,Mentzer
ERR119441,7521_2_62,stool,Guatemala,2003,Mentzer
ERR119442,7521_2_63,stool,Guatemala,2003,Mentzer
ERR119443,7521_2_64,stool,Guatemala,2003,Mentzer
ERR119444,7521_2_65,stool,Guatemala,2003,Mentzer
ERR119445,7521_2_66,stool,Guatemala,2003,Mentzer
ERR119446,7521_2_67,stool,Guatemala,2003,Mentzer
ERR119447,7521_2_68,stool,Guatemala,2003,Mentzer
ERR119448,7521_2_69,stool,Guatemala,2003,Mentzer
ERR119449,7521_2_70,stool,Guatemala,2003,Mentzer
ERR119450,7521_2_71,stool,Guatemala,2003,Mentzer
ERR119452,7521_2_73,stool,Guatemala,2004,Mentzer
ERR119453,7521_2_74,stool,Guatemala,2003,Mentzer
ERR119455,7521_2_76,stool,Egypt,1997,Mentzer
ERR119456,7521_2_77,stool,Egypt,1997,Mentzer
ERR119457,7521_2_78,stool,Egypt,1997,Mentzer
ERR119458,7521_2_79,stool,Egypt,1997,Mentzer
ERR119459,7521_2_80,stool,Egypt,1997,Mentzer
ERR119460,7521_2_81,stool,Egypt,1997,Mentzer
ERR119461,7521_2_82,stool,Egypt,1997,Mentzer
ERR119462,7521_2_83,stool,Egypt,1997,Mentzer
ERR119463,7521_2_84,stool,Egypt,1997,Mentzer
ERR119464,7521_2_85,stool,Egypt,1997,Mentzer
ERR119465,7521_2_86,stool,Egypt,1997,Mentzer
ERR119466,7521_2_87,stool,Egypt,1997,Mentzer
ERR119468,7521_2_89,stool,Egypt,1997,Mentzer
ERR119469,7521_2_90,stool,Egypt,1997,Mentzer
ERR119470,7521_2_91,stool,Egypt,1997,Mentzer
ERR119471,7521_2_92,stool,Egypt,2000,Mentzer
ERR119472,7521_2_93,stool,Egypt,2000,Mentzer
ERR119473,7521_2_94,stool,Egypt,2000,Mentzer
ERR119474,7521_2_95,stool,Egypt,2000,Mentzer
ERR119475,7521_2_96,stool,Egypt,2001,Mentzer
ERR119476,7521_3_1,stool,Egypt,2001,Mentzer
ERR119477,7521_3_2,stool,Egypt,2001,Mentzer
ERR119478,7521_3_3,stool,Egypt,2001,Mentzer
ERR119479,7521_3_4,stool,Egypt,2001,Mentzer
ERR119480,7521_3_5,stool,Egypt,2001,Mentzer
ERR119481,7521_3_6,stool,Egypt,2001,Mentzer
ERR119482,7521_3_7,stool,Egypt,2001,Mentzer
ERR119483,7521_3_8,stool,Egypt,2001,Mentzer
ERR119484,7521_3_9,stool,Egypt,2001,Mentzer
ERR119485,7521_3_10,stool,Egypt,1996,Mentzer
ERR119486,7521_3_11,stool,Egypt,1996,Mentzer
ERR119487,7521_3_12,stool,Egypt,1996,Mentzer
ERR119489,7521_3_14,stool,Egypt,1996,Mentzer
ERR119490,7521_3_15,stool,Egypt,1996,Mentzer
ERR119491,7521_3_16,stool,Indonesia,1996,Mentzer
ERR119492,7521_3_17,stool,Mexico,1996,Mentzer
ERR119496,7521_3_21,stool,Argentina,1989,Mentzer
ERR119497,7521_3_22,stool,Argentina,1989,Mentzer
ERR119498,7521_3_23,stool,Argentina,1989,Mentzer
ERR119499,7521_3_24,stool,Argentina,1989,Mentzer
ERR119500,7521_3_25,stool,Argentina,1989,Mentzer
ERR119501,7521_3_26,stool,Argentina,1989,Mentzer
ERR119502,7521_3_27,stool,Argentina,1989,Mentzer
ERR119503,7521_3_28,stool,Argentina,1989,Mentzer
ERR119504,7521_3_29,stool,Argentina,1989,Mentzer
ERR119505,7521_3_30,stool,Argentina,1989,Mentzer
ERR119506,7521_3_31,stool,Argentina,1989,Mentzer
ERR119507,7521_3_32,stool,Japan,1983,Mentzer
ERR119508,7521_3_33,stool,Argentina,1989,Mentzer
ERR119509,7521_3_34,stool,Argentina,1989,Mentzer
ERR119510,7521_3_35,stool,Argentina,1989,Mentzer
ERR119511,7521_3_36,stool,Argentina,1989,Mentzer
ERR119512,7521_3_37,stool,Argentina,1989,Mentzer
ERR119513,7521_3_38,stool,Argentina,1989,Mentzer
ERR119514,7521_3_39,stool,Argentina,1989,Mentzer
ERR119515,7521_3_40,stool,Argentina,1989,Mentzer
ERR119516,7521_3_41,stool,Argentina,1989,Mentzer
ERR119517,7521_3_42,stool,Japan,1983,Mentzer
ERR119518,7521_3_43,stool,Argentina,1989,Mentzer
ERR119519,7521_3_44,stool,Argentina,1989,Mentzer
ERR119520,7521_3_45,stool,Argentina,1989,Mentzer
ERR119521,7521_3_46,stool,Argentina,1989,Mentzer
ERR119522,7521_3_47,stool,Argentina,1989,Mentzer
ERR119523,7521_3_48,stool,Japan,1983,Mentzer
ERR119524,7521_4_49,stool,Argentina,1989,Mentzer
ERR119525,7521_4_50,stool,Argentina,1989,Mentzer
ERR119526,7521_4_51,stool,Argentina,1989,Mentzer
ERR119527,7521_4_52,stool,Argentina,1989,Mentzer
ERR119528,7521_4_53,stool,Argentina,1989,Mentzer
ERR119529,7521_4_54,stool,Argentina,1989,Mentzer
ERR119530,7521_4_55,stool,Argentina,1989,Mentzer
ERR119531,7521_4_56,stool,Argentina,1989,Mentzer
ERR119532,7521_4_57,stool,Indonesia,1990,Mentzer
ERR119533,7521_4_58,stool,Indonesia,1990,Mentzer
ERR119534,7521_4_59,stool,Indonesia,1990,Mentzer
ERR119535,7521_4_60,stool,Indonesia,1990,Mentzer
ERR119536,7521_4_61,stool,Indonesia,1990,Mentzer
ERR119537,7521_4_62,stool,Indonesia,1990,Mentzer
ERR119538,7521_4_63,stool,Indonesia,1990,Mentzer
ERR119539,7521_4_64,stool,Indonesia,1990,Mentzer
ERR119540,7521_4_65,stool,Indonesia,1990,Mentzer
ERR119541,7521_4_66,stool,Indonesia,1990,Mentzer
ERR119542,7521_4_67,stool,Indonesia,1990,Mentzer
ERR119543,7521_4_68,stool,Indonesia,1990,Mentzer
ERR119544,7521_4_69,stool,Indonesia,1990,Mentzer
ERR119545,7521_4_70,stool,Indonesia,1990,Mentzer
ERR119546,7521_4_71,stool,Indonesia,1990,Mentzer
ERR119547,7521_4_72,stool,Japan,1983,Mentzer
ERR119548,7521_4_73,stool,Indonesia,1990,Mentzer
ERR119549,7521_4_74,stool,Indonesia,1990,Mentzer
ERR119551,7521_4_76,stool,Indonesia,1990,Mentzer
ERR119552,7521_4_77,stool,Indonesia,1990,Mentzer
ERR119553,7521_4_78,stool,Indonesia,1990,Mentzer
ERR119554,7521_4_79,stool,Bangladesh,2001,Mentzer
ERR119555,7521_4_80,stool,Bangladesh,2002,Mentzer
ERR119556,7521_4_81,stool,Bangladesh,2002,Mentzer
ERR119557,7521_4_82,stool,Bangladesh,2002,Mentzer
ERR119558,7521_4_83,stool,Bangladesh,2002,Mentzer
ERR119559,7521_4_84,stool,Bangladesh,2002,Mentzer
ERR119560,7521_4_85,stool,Bangladesh,2007,Mentzer
ERR119561,7521_4_86,stool,Bangladesh,2007,Mentzer
ERR119562,7521_4_87,stool,Bangladesh,2007,Mentzer
ERR119563,7521_4_88,stool,Bangladesh,2007,Mentzer
ERR119564,7521_4_89,stool,Bangladesh,2007,Mentzer
ERR119566,7521_4_91,stool,Bolivia,2008,Mentzer
ERR119568,7521_4_93,stool,Bolivia,2008,Mentzer
ERR119569,7521_4_94,stool,Bolivia,2007,Mentzer
ERR119570,7521_4_95,stool,Bolivia,2007,Mentzer
ERR119571,7521_4_96,stool,Bolivia,2007,Mentzer
ERR119572,7554_4_13,stool,Bolivia,2007,Mentzer
ERR119573,7554_4_14,stool,Bolivia,2007,Mentzer
ERR119574,7554_4_15,stool,Bolivia,2008,Mentzer
ERR119575,7554_4_16,stool,Bolivia,2008,Mentzer
ERR119577,7554_4_18,stool,Egypt,1998,Mentzer
ERR119578,7554_4_19,stool,Israel,NA,Mentzer
ERR160999,7978_7_51,stool,Egypt,1997,Mentzer
ERR161000,7978_7_52,stool,Nepal,1996,Mentzer
ERR164828,8036_3_88,stool,Egypt,NA,Mentzer
ERR164830,8036_3_90,stool,Venezuela,1997,Mentzer
ERR164833,8036_3_93,stool,Bangladesh,NA,Mentzer
ERR164832,8036_3_92,stool,Bolivia,NA,Mentzer
ERR164829,8036_3_89,stool,Venezuela,1997,Mentzer
ERR178229,8205_3_82,stool,Mexico,NA,Mentzer
ERR178230,8205_3_83,stool,Guatemala,NA,Mentzer
ERR178231,8205_3_84,stool,Guatemala,NA,Mentzer
ERR178232,8205_3_85,stool,Guatemala,NA,Mentzer
ERR178234,8205_3_87,stool,Tunisia,NA,Mentzer
ERR178236,8205_3_89,stool,Bolivia,NA,Mentzer
ERR178239,8205_3_92,stool,Bangladesh,NA,Mentzer
ERR217371,8630_6_92,stool,Venezuela,1997,Mentzer
ERR217373,8630_6_94,stool,Indonesia,NA,Mentzer
ERR217375,8630_6_96,stool,Japan,NA,Mentzer
ERR279354,9475_4_58,stool,Kenya,NA,Mentzer
ERR279355,9475_4_59,stool,Kenya,NA,Mentzer
ERR279356,9475_4_60,stool,Kenya,NA,Mentzer
ERR279357,9475_4_61,stool,Kenya,NA,Mentzer
ERR279358,9475_4_62,stool,Kenya,NA,Mentzer
ERR279359,9475_4_63,stool,Kenya,NA,Mentzer
ERR279360,9475_4_64,stool,Kenya,NA,Mentzer
ERR279361,9475_4_65,stool,Kenya,NA,Mentzer
ERR279362,9475_4_66,stool,Kenya,NA,Mentzer
ERR279363,9475_4_67,stool,Kenya,NA,Mentzer
ERR279364,9475_4_68,stool,Kenya,NA,Mentzer
ERR279365,9475_4_69,stool,Kenya,NA,Mentzer
ERR279366,9475_4_70,stool,Kenya,NA,Mentzer
ERR279370,9475_4_74,stool,Guinea Bissau,NA,Mentzer
ERR279371,9475_4_75,stool,Guinea Bissau,NA,Mentzer
ERR279372,9475_4_76,stool,Guinea Bissau,NA,Mentzer
ERR279373,9475_4_77,stool,Guinea Bissau,NA,Mentzer
ERR926362,15966_8_12,Blood,Malawi,2011,Musicha
ERR926355,15966_8_5,Blood,Malawi,2011,Musicha
ERR926388,15966_8_38,CSF,Malawi,1998,Musicha
ERR971988,16228_1_42,CSF,Malawi,1998,Musicha
ERR926429,15966_8_79,Blood,Malawi,2011,Musicha
ERR926385,15966_8_35,CSF,Malawi,1998,Musicha
ERR926359,15966_8_9,CSF,Malawi,2011,Musicha
ERR971962,16228_1_16,Blood,Malawi,1998,Musicha
ERR926384,15966_8_34,CSF,Malawi,1996,Musicha
ERR926381,15966_8_31,Blood,Malawi,1996,Musicha
ERR926412,15966_8_62,Blood,Malawi,1996,Musicha
ERR926369,15966_8_19,CSF,Malawi,1997,Musicha
ERR926405,15966_8_55,Blood,Malawi,1997,Musicha
ERR926401,15966_8_51,CSF,Malawi,1997,Musicha
ERR926406,15966_8_56,Blood,Malawi,1997,Musicha
ERR926360,15966_8_10,Blood,Malawi,1996,Musicha
ERR926386,15966_8_36,CSF,Malawi,1998,Musicha
ERR926391,15966_8_41,CSF,Malawi,1998,Musicha
ERR926411,15966_8_61,Blood,Malawi,1998,Musicha
ERR926422,15966_8_72,RS,Malawi,2009,Musicha
ERR971987,16228_1_41,RS,Malawi,2009,Musicha
ERR926394,15966_8_44,Blood,Malawi,2003,Musicha
ERR926413,15966_8_63,RS,Malawi,2009,Musicha
ERR926409,15966_8_59,Blood,Malawi,2005,Musicha
ERR926415,15966_8_65,Blood,Malawi,2009,Musicha
ERR926423,15966_8_73,Blood,Malawi,2005,Musicha
ERR926404,15966_8_54,Blood,Malawi,2005,Musicha
ERR926389,15966_8_39,Blood,Malawi,2005,Musicha
ERR926377,15966_8_27,Blood,Malawi,2005,Musicha
ERR926399,15966_8_49,Blood,Malawi,2005,Musicha
ERR926351,15966_8_1,Blood,Malawi,2006,Musicha
ERR971994,16228_1_48,RS,Malawi,2009,Musicha
ERR926400,15966_8_50,Blood,Malawi,2006,Musicha
ERR971979,16228_1_33,Blood,Malawi,2007,Musicha
ERR971992,16228_1_46,Blood,Malawi,2007,Musicha
ERR926361,15966_8_11,Blood,Malawi,2007,Musicha
ERR971991,16228_1_45,Blood,Malawi,2007,Musicha
ERR926379,15966_8_29,Blood,Malawi,1999,Musicha
ERR926375,15966_8_25,Blood,Malawi,2000,Musicha
ERR971966,16228_1_20,Blood,Malawi,2000,Musicha
ERR926368,15966_8_18,Blood,Malawi,2000,Musicha
ERR926374,15966_8_24,CSF,Malawi,2005,Musicha
ERR926353,15966_8_3,Blood,Malawi,2013,Musicha
ERR926430,15966_8_80,RS,Malawi,2009,Musicha
ERR926435,15966_8_85,RS,Malawi,2009,Musicha
ERR926390,15966_8_40,CSF,Malawi,2004,Musicha
ERR926402,15966_8_52,CSF,Malawi,2004,Musicha
ERR926363,15966_8_13,Blood,Malawi,2012,Musicha
ERR926357,15966_8_7,Blood,Malawi,2012,Musicha
ERR926367,15966_8_17,Blood,Malawi,2013,Musicha
ERR926444,15966_8_94,Blood,Malawi,2013,Musicha
ERR926364,15966_8_14,Blood,Malawi,2013,Musicha
ERR926356,15966_8_6,Blood,Malawi,2013,Musicha
ERR926365,15966_8_15,CSF,Malawi,2013,Musicha
ERR926372,15966_8_22,CSF,Malawi,2014,Musicha
ERR926383,15966_8_33,CSF,Malawi,2004,Musicha
ERR926408,15966_8_58,CSF,Malawi,2005,Musicha
ERR926354,15966_8_4,CSF,Malawi,1999,Musicha
ERR926427,15966_8_77,CSF,Malawi,2009,Musicha
ERR926403,15966_8_53,CSF,Malawi,2006,Musicha
ERR926418,15966_8_68,CSF,Malawi,2009,Musicha
ERR926431,15966_8_81,RS,Malawi,2009,Musicha
ERR926414,15966_8_64,CSF,Malawi,2009,Musicha
ERR926417,15966_8_67,RS,Malawi,2009,Musicha
ERR926376,15966_8_26,CSF,Malawi,1999,Musicha
ERR926425,15966_8_75,CSF,Malawi,2009,Musicha
ERR926421,15966_8_71,CSF,Malawi,2009,Musicha
ERR926393,15966_8_43,Blood,Malawi,1996,Musicha
ERR926396,15966_8_46,Blood,Malawi,2004,Musicha
ERR926397,15966_8_47,Blood,Malawi,2004,Musicha
ERR971963,16228_1_17,Blood,Malawi,2004,Musicha
ERR926358,15966_8_8,Blood,Malawi,2005,Musicha
ERR926398,15966_8_48,Blood,Malawi,2005,Musicha
ERR926426,15966_8_76,Blood,Malawi,2005,Musicha
ERR926378,15966_8_28,Blood,Malawi,1999,Musicha
ERR972008,16228_1_62,Blood,Malawi,NA,Musicha
ERR926382,15966_8_32,Blood,Malawi,1999,Musicha
ERR926373,15966_8_23,Blood,Malawi,1999,Musicha
ERR926392,15966_8_42,Blood,Malawi,2006,Musicha
ERR926395,15966_8_45,Blood,Malawi,2006,Musicha
ERR926352,15966_8_2,Blood,Malawi,1999,Musicha
ERR926428,15966_8_78,Blood,Malawi,1999,Musicha
ERR926416,15966_8_66,Blood,Malawi,2006,Musicha
ERR926366,15966_8_16,Blood,Malawi,2006,Musicha
ERR926419,15966_8_69,Blood,Malawi,2006,Musicha
ERR971989,16228_1_43,Blood,Malawi,2007,Musicha
ERR971970,16228_1_24,Blood,Malawi,1999,Musicha
ERR926420,15966_8_70,Blood,Malawi,2007,Musicha
ERR926380,15966_8_30,Blood,Malawi,2000,Musicha
ERR971968,16228_1_22,Blood,Malawi,2008,Musicha
ERR971990,16228_1_44,Blood,Malawi,2008,Musicha
ERR926434,15966_8_84,Blood,Malawi,2008,Musicha
ERR926432,15966_8_82,Blood,Malawi,2008,Musicha
ERR1218697,18090_8_7,Farm,thailand,2015,Runchaeron
ERR1218698,18090_8_8,Farm,thailand,2015,Runchaeron
ERR1218701,18090_8_11,Farm,thailand,2015,Runchaeron
ERR1218702,18090_8_12,Farm,thailand,2015,Runchaeron
ERR1218703,18090_8_13,Farm,thailand,2015,Runchaeron
ERR1218564,18090_6_63,Farm,thailand,2015,Runchaeron
ERR1218581,18090_6_80,Urine,thailand,2015,Runchaeron
ERR1218592,18090_6_91,Urine,thailand,2015,Runchaeron
ERR1218593,18090_6_92,Urine,thailand,2015,Runchaeron
ERR1218594,18090_6_93,Urine,thailand,2015,Runchaeron
ERR1218582,18090_6_81,Urine,thailand,2015,Runchaeron
ERR1218595,18090_6_94,Blood,thailand,2015,Runchaeron
ERR1218596,18090_6_95,Pus,thailand,2015,Runchaeron
ERR1218597,18090_7_1,Urine,thailand,2015,Runchaeron
ERR1218560,18090_6_59,Pus,thailand,2015,Runchaeron
ERR1218714,18090_8_24,Blood,thailand,2015,Runchaeron
ERR1218535,18090_6_34,Blood,thailand,2015,Runchaeron
ERR1218598,18090_7_2,Urine,thailand,2015,Runchaeron
ERR1218583,18090_6_82,Urine,thailand,2015,Runchaeron
ERR1218599,18090_7_3,Pus,thailand,2015,Runchaeron
ERR1218600,18090_7_4,Urine,thailand,2015,Runchaeron
ERR1218536,18090_6_35,Blood,thailand,2015,Runchaeron
ERR1218601,18090_7_5,Urine,thailand,2015,Runchaeron
ERR1218602,18090_7_6,Blood,thailand,2015,Runchaeron
ERR1218537,18090_6_36,Pus,thailand,2015,Runchaeron
ERR1218538,18090_6_37,Pus,thailand,2015,Runchaeron
ERR1218603,18090_7_7,Pus,thailand,2015,Runchaeron
ERR1218539,18090_6_38,Urine,thailand,2015,Runchaeron
ERR1218705,18090_8_15,Urine,thailand,2015,Runchaeron
ERR1218604,18090_7_8,Pus,thailand,2015,Runchaeron
ERR1218540,18090_6_39,Pus,thailand,2015,Runchaeron
ERR1218605,18090_7_9,Urine,thailand,2015,Runchaeron
ERR1218606,18090_7_10,Urine,thailand,2015,Runchaeron
ERR1218607,18090_7_11,Urine,thailand,2015,Runchaeron
ERR1218608,18090_7_12,Blood,thailand,2015,Runchaeron
ERR1218609,18090_7_13,Pus,thailand,2015,Runchaeron
ERR1218610,18090_7_14,Pus,thailand,2015,Runchaeron
ERR1218541,18090_6_40,Urine,thailand,2015,Runchaeron
ERR1218556,18090_6_55,Pus,thailand,2015,Runchaeron
ERR1218611,18090_7_15,Blood,thailand,2015,Runchaeron
ERR1218542,18090_6_41,Pus,thailand,2015,Runchaeron
ERR1218584,18090_6_83,Sputum,thailand,2015,Runchaeron
ERR1218707,18090_8_17,Urine,thailand,2015,Runchaeron
ERR1218612,18090_7_16,Urine,thailand,2015,Runchaeron
ERR1218613,18090_7_17,Pus,thailand,2015,Runchaeron
ERR1218706,18090_8_16,Urine,thailand,2015,Runchaeron
ERR1218614,18090_7_18,Blood,thailand,2015,Runchaeron
ERR1218543,18090_6_42,Urine,thailand,2015,Runchaeron
ERR1218615,18090_7_19,Blood,thailand,2015,Runchaeron
ERR1218585,18090_6_84,Urine,thailand,2015,Runchaeron
ERR1218616,18090_7_20,Urine,thailand,2015,Runchaeron
ERR1218617,18090_7_21,Blood,thailand,2015,Runchaeron
ERR1218618,18090_7_22,Blood,thailand,2015,Runchaeron
ERR1218619,18090_7_23,Urine,thailand,2015,Runchaeron
ERR1218620,18090_7_24,Urine,thailand,2015,Runchaeron
ERR1218621,18090_7_25,Blood,thailand,2015,Runchaeron
ERR1218544,18090_6_43,Urine,thailand,2015,Runchaeron
ERR1218708,18090_8_18,Pus,thailand,2015,Runchaeron
ERR1218622,18090_7_26,Urine,thailand,2015,Runchaeron
ERR1218545,18090_6_44,Blood,thailand,2015,Runchaeron
ERR1218623,18090_7_27,Urine,thailand,2015,Runchaeron
ERR1218624,18090_7_28,Urine,thailand,2015,Runchaeron
ERR1218625,18090_7_29,Urine,thailand,2015,Runchaeron
ERR1218557,18090_6_56,Pus,thailand,2015,Runchaeron
ERR1218626,18090_7_30,Urine,thailand,2015,Runchaeron
ERR1218627,18090_7_31,Urine,thailand,2015,Runchaeron
ERR1218628,18090_7_32,Blood,thailand,2015,Runchaeron
ERR1218629,18090_7_33,Blood,thailand,2015,Runchaeron
ERR1218630,18090_7_34,Pus,thailand,2015,Runchaeron
ERR1218631,18090_7_35,Pus,thailand,2015,Runchaeron
ERR1218632,18090_7_36,Urine,thailand,2015,Runchaeron
ERR1218633,18090_7_37,Blood,thailand,2015,Runchaeron
ERR1218534,18090_6_33,Blood,thailand,2015,Runchaeron
ERR1218634,18090_7_38,Pus,thailand,2015,Runchaeron
ERR1218635,18090_7_39,Urine,thailand,2015,Runchaeron
ERR1218546,18090_6_45,Urine,thailand,2015,Runchaeron
ERR1218636,18090_7_40,Pus,thailand,2015,Runchaeron
ERR1218637,18090_7_41,Urine,thailand,2015,Runchaeron
ERR1218639,18090_7_43,Blood,thailand,2015,Runchaeron
ERR1218640,18090_7_44,Pus,thailand,2015,Runchaeron
ERR1218641,18090_7_45,Blood,thailand,2015,Runchaeron
ERR1218559,18090_6_58,Urine,thailand,2015,Runchaeron
ERR1218586,18090_6_85,Pus,thailand,2015,Runchaeron
ERR1218587,18090_6_86,Blood,thailand,2015,Runchaeron
ERR1218588,18090_6_87,Urine,thailand,2015,Runchaeron
ERR1218589,18090_6_88,Urine,thailand,2015,Runchaeron
ERR1218712,18090_8_22,Blood,thailand,2015,Runchaeron
ERR1218713,18090_8_23,Urine,thailand,2015,Runchaeron
ERR1218590,18090_6_89,Pus,thailand,2015,Runchaeron
ERR1218591,18090_6_90,Pus,thailand,2015,Runchaeron
ERR1218642,18090_7_46,Canal,thailand,2015,Runchaeron
ERR1218652,18090_7_56,Canal,thailand,2015,Runchaeron
ERR1218709,18090_8_19,Canal,thailand,2015,Runchaeron
ERR1218643,18090_7_47,Canal,thailand,2015,Runchaeron
ERR1218644,18090_7_48,Canal,thailand,2015,Runchaeron
ERR1218549,18090_6_48,Canal,thailand,2015,Runchaeron
ERR1218551,18090_6_50,Canal,thailand,2015,Runchaeron
ERR1218646,18090_7_50,Canal,thailand,2015,Runchaeron
ERR1218552,18090_6_51,Canal,thailand,2015,Runchaeron
ERR1218648,18090_7_52,Canal,thailand,2015,Runchaeron
ERR1218553,18090_6_52,Canal,thailand,2015,Runchaeron
ERR1218649,18090_7_53,Canal,thailand,2015,Runchaeron
ERR1218710,18090_8_20,Canal,thailand,2015,Runchaeron
ERR1218650,18090_7_54,Canal,thailand,2015,Runchaeron
ERR1218651,18090_7_55,Canal,thailand,2015,Runchaeron
ERR1218654,18090_7_58,Canal,thailand,2015,Runchaeron
ERR1218558,18090_6_57,Canal,thailand,2015,Runchaeron
ERR1218678,18090_7_82,Canal,thailand,2015,Runchaeron
ERR1218681,18090_7_85,Canal,thailand,2015,Runchaeron
ERR1218682,18090_7_86,Canal,thailand,2015,Runchaeron
ERR1218683,18090_7_87,Canal,thailand,2015,Runchaeron
ERR1218684,18090_7_88,Canal,thailand,2015,Runchaeron
ERR1218717,18090_8_27,Canal,thailand,2015,Runchaeron
ERR1218718,18090_8_28,Canal,thailand,2015,Runchaeron
ERR1218774,18090_8_84,Canal,thailand,2015,Runchaeron
ERR1218685,18090_7_89,Canal,thailand,2015,Runchaeron
ERR1218686,18090_7_90,Canal,thailand,2015,Runchaeron
ERR1218554,18090_6_53,Canal,thailand,2015,Runchaeron
ERR1218688,18090_7_92,Canal,thailand,2015,Runchaeron
ERR1218719,18090_8_29,Canal,thailand,2015,Runchaeron
ERR1218694,18090_8_4,Canal,thailand,2015,Runchaeron
ERR1218689,18090_7_93,Canal,thailand,2015,Runchaeron
ERR1218562,18090_6_61,Canal,thailand,2015,Runchaeron
ERR1218720,18090_8_30,Canal,thailand,2015,Runchaeron
ERR1218693,18090_8_3,Untreated hospital sewage,thailand,2015,Runchaeron
ERR1218690,18090_7_94,Untreated hospital sewage,thailand,2015,Runchaeron
ERR1218692,18090_8_2,Untreated hospital sewage,thailand,2015,Runchaeron
ERR1218655,18090_7_59,Canal,thailand,2015,Runchaeron
ERR1218656,18090_7_60,Canal,thailand,2015,Runchaeron
ERR1218658,18090_7_62,Canal,thailand,2015,Runchaeron
ERR1218659,18090_7_63,Canal,thailand,2015,Runchaeron
ERR1218660,18090_7_64,Canal,thailand,2015,Runchaeron
ERR1218711,18090_8_21,Canal,thailand,2015,Runchaeron
ERR1218666,18090_7_70,Canal,thailand,2015,Runchaeron
ERR1218661,18090_7_65,Canal,thailand,2015,Runchaeron
ERR1218664,18090_7_68,Canal,thailand,2015,Runchaeron
ERR1218662,18090_7_66,Canal,thailand,2015,Runchaeron
ERR1218715,18090_8_25,Canal,thailand,2015,Runchaeron
ERR1218663,18090_7_67,Canal,thailand,2015,Runchaeron
ERR1218671,18090_7_75,Canal,thailand,2015,Runchaeron
ERR1218669,18090_7_73,Canal,thailand,2015,Runchaeron
ERR1218561,18090_6_60,Canal,thailand,2015,Runchaeron
ERR1218674,18090_7_78,Canal,thailand,2015,Runchaeron
ERR1218675,18090_7_79,Canal,thailand,2015,Runchaeron
ERR1218676,18090_7_80,Canal,thailand,2015,Runchaeron
ERR1218723,18090_8_33,Canal,thailand,2015,Runchaeron
ERR1218716,18090_8_26,Canal,thailand,2015,Runchaeron
ERR1218695,18090_8_5,Canal,thailand,2015,Runchaeron
ERR1218696,18090_8_6,Canal,thailand,2015,Runchaeron
